open_time,open,high,low,close,volume
2025-09-25 22:00:00,109420.0,109685.72,108765.0,108994.49,1326.80806
2025-09-26 00:00:00,108994.49,109762.59,108809.24,109680.4,1320.91002
2025-09-26 02:00:00,109680.39,109798.84,109293.25,109580.01,1002.28572
2025-09-26 04:00:00,109580.0,109625.94,109085.78,109252.79,687.10288
2025-09-26 06:00:00,109252.79,109624.16,108913.0,109320.02,2368.79516
2025-09-26 08:00:00,109320.02,109690.98,109304.72,109568.72,1017.11724
2025-09-26 10:00:00,109568.72,109568.72,108620.07,109133.5,1658.3449
2025-09-26 12:00:00,109133.5,109779.73,108824.82,109669.73,1855.35647
2025-09-26 14:00:00,109669.72,109779.73,108764.76,109027.78,1386.56793
2025-09-26 16:00:00,109027.79,110000.0,109027.78,109899.99,918.39123
2025-09-26 18:00:00,109900.0,110300.0,109030.41,109172.2,1175.03736
2025-09-26 20:00:00,109172.21,109530.0,109087.57,109469.07,456.13013
2025-09-26 22:00:00,109469.07,109687.69,109348.0,109643.46,396.97687
2025-09-27 00:00:00,109643.46,109660.88,109330.08,109431.92,498.76387
2025-09-27 02:00:00,109431.92,109743.91,109324.42,109553.77,542.89532
2025-09-27 04:00:00,109553.77,109742.27,109514.63,109635.72,377.05664
2025-09-27 06:00:00,109635.73,109635.73,109332.02,109411.2,531.78452
2025-09-27 08:00:00,109411.19,109411.2,109064.4,109292.73,789.2108
2025-09-27 10:00:00,109292.74,109477.69,109256.07,109310.21,567.07949
2025-09-27 12:00:00,109310.22,109477.59,109227.14,109306.61,672.8486
2025-09-27 14:00:00,109306.61,109427.4,109193.0,109402.24,478.53483
2025-09-27 16:00:00,109402.25,109427.76,109243.89,109382.47,359.71424
2025-09-27 18:00:00,109382.48,109440.0,109345.11,109424.2,231.10435
2025-09-27 20:00:00,109424.21,109483.55,109362.72,109474.99,179.88027
2025-09-27 22:00:00,109474.98,109699.98,109461.53,109635.85,272.9135
2025-09-28 00:00:00,109635.85,109787.75,109325.05,109353.67,504.54065
2025-09-28 02:00:00,109353.68,109535.0,109353.67,109436.0,317.60762
2025-09-28 04:00:00,109436.0,109486.1,109356.42,109356.43,223.36591
2025-09-28 06:00:00,109356.44,109537.8,109260.0,109513.06,345.68485
2025-09-28 08:00:00,109513.06,109585.39,109323.88,109519.42,425.91693
2025-09-28 10:00:00,109519.43,109519.43,109250.0,109369.02,437.01768
2025-09-28 12:00:00,109369.02,109668.98,109189.99,109639.0,640.16082
2025-09-28 14:00:00,109639.0,110037.93,109502.56,110037.93,709.04209
2025-09-28 16:00:00,110037.92,110393.63,110008.54,110203.52,891.03528
2025-09-28 18:00:00,110203.53,110388.46,110060.88,110337.6,324.74166
2025-09-28 20:00:00,110337.61,110945.0,110294.78,110833.99,785.61611
2025-09-28 22:00:00,110833.99,112350.0,110833.99,112163.95,1937.602
2025-09-29 00:00:00,112163.96,112310.0,111721.79,111855.3,1365.80556
2025-09-29 02:00:00,111855.3,112022.27,111588.07,111857.51,931.66806
2025-09-29 04:00:00,111857.51,111904.34,111575.38,111753.34,627.53483
2025-09-29 06:00:00,111753.34,111865.96,111560.65,111865.95,1203.82533
2025-09-29 08:00:00,111865.96,112421.99,111865.95,112110.9,1248.20801
2025-09-29 10:00:00,112110.9,112225.0,111923.13,112100.0,878.03394
2025-09-29 12:00:00,112100.0,113490.0,111901.26,113227.29,2415.30062
2025-09-29 14:00:00,113227.29,114231.56,113220.21,113815.57,2649.4979
2025-09-29 16:00:00,113815.57,114151.0,113449.74,114043.91,1571.57936
2025-09-29 18:00:00,114043.92,114390.93,113848.63,114265.55,1144.82589
2025-09-29 20:00:00,114265.56,114400.0,114095.36,114176.73,715.71501
2025-09-29 22:00:00,114176.72,114395.92,114020.0,114311.96,789.12554
2025-09-30 00:00:00,114311.97,114792.0,114040.35,114500.31,1720.10982
2025-09-30 02:00:00,114500.32,114583.19,114303.06,114376.39,774.27136
2025-09-30 04:00:00,114376.39,114376.4,113827.24,113904.0,1053.74659
2025-09-30 06:00:00,113904.0,114084.22,113585.0,113699.23,1273.07458
2025-09-30 08:00:00,113699.24,113741.37,112731.41,112781.97,1648.51906
2025-09-30 10:00:00,112781.97,113135.44,112656.27,113055.01,1220.77266
2025-09-30 12:00:00,113055.0,113677.23,112866.11,113404.53,1171.24139
2025-09-30 14:00:00,113404.53,113630.13,112900.0,113106.16,1669.04522
2025-09-30 16:00:00,113106.15,113503.99,112800.0,113246.11,1132.36128
2025-09-30 18:00:00,113246.12,114563.46,113177.37,114359.99,1403.52633
2025-09-30 20:00:00,114359.99,114754.87,114110.09,114161.0,1360.11584
2025-09-30 22:00:00,114161.0,114356.98,113765.42,114048.93,617.3722
2025-10-01 00:00:00,114048.94,114550.0,113966.67,114549.99,1031.84376
2025-10-01 02:00:00,114549.99,114551.76,114096.58,114176.92,1010.7274
2025-10-01 04:00:00,114176.93,114740.0,114151.0,114569.84,1157.64847
2025-10-01 06:00:00,114569.84,114624.3,114224.88,114539.02,838.78517
2025-10-01 08:00:00,114539.02,116591.8,114484.43,116412.1,4025.80373
2025-10-01 10:00:00,116412.1,116795.85,116203.5,116789.58,1192.12663
2025-10-01 12:00:00,116789.57,116887.0,116363.38,116806.96,1878.79736
2025-10-01 14:00:00,116806.96,117649.99,116704.74,117423.73,2639.54864
2025-10-01 16:00:00,117423.73,118199.0,116724.56,116768.07,2802.7689
2025-10-01 18:00:00,116768.08,117623.59,116768.07,117439.53,1011.55426
2025-10-01 20:00:00,117439.53,117579.43,117163.25,117554.96,691.74587
2025-10-01 22:00:00,117554.95,118649.1,117554.95,118594.99,1755.04497
2025-10-02 00:00:00,118594.99,119456.92,118368.05,118617.37,2947.34075
2025-10-02 02:00:00,118617.37,119058.82,118483.39,118733.99,1240.007
2025-10-02 04:00:00,118733.99,118930.29,118279.31,118377.34,895.27292
2025-10-02 06:00:00,118377.34,118678.98,118295.87,118489.76,877.09146
2025-10-02 08:00:00,118489.76,118850.0,118354.61,118849.99,652.04257
2025-10-02 10:00:00,118849.99,118926.49,118537.1,118765.73,807.96588
2025-10-02 12:00:00,118765.72,119761.36,118742.91,119621.2,2455.49322
2025-10-02 14:00:00,119621.19,119910.79,118516.39,119910.78,2643.67304
2025-10-02 16:00:00,119910.78,120300.0,119359.63,119917.52,2196.26668
2025-10-02 18:00:00,119917.52,121022.07,119907.01,120836.49,2672.84473
2025-10-02 20:00:00,120836.49,120914.0,120141.72,120150.1,1379.62692
2025-10-02 22:00:00,120150.1,120680.35,120072.46,120529.35,903.20986
2025-10-03 00:00:00,120529.35,120550.9,119820.0,119875.72,1314.0441
2025-10-03 02:00:00,119875.72,120472.12,119866.18,120225.89,954.61113
2025-10-03 04:00:00,120225.88,120324.53,119746.81,119920.4,744.05776
2025-10-03 06:00:00,119920.41,120075.62,119610.59,119640.21,1549.85747
2025-10-03 08:00:00,119640.22,120365.35,119248.3,120300.0,2441.52012
2025-10-03 10:00:00,120300.01,120515.89,120130.76,120334.5,1025.88514
2025-10-03 12:00:00,120334.51,120691.44,120102.18,120374.73,1219.5082
2025-10-03 14:00:00,120374.72,122366.0,119881.24,122258.05,3709.91286
2025-10-03 16:00:00,122258.04,123894.99,121603.42,122073.25,7611.36427
2025-10-03 18:00:00,122073.26,122961.63,121466.25,122660.99,1836.30525
2025-10-03 20:00:00,122661.0,122734.92,121999.33,122306.57,1010.41357
2025-10-03 22:00:00,122306.57,122665.0,122180.79,122232.0,518.84813
2025-10-04 00:00:00,122232.21,122295.56,121698.8,121865.21,930.65909
2025-10-04 02:00:00,121865.22,122325.6,121684.97,122243.99,799.91811
2025-10-04 04:00:00,122243.99,122800.0,122219.3,122522.7,904.29604
2025-10-04 06:00:00,122522.7,122606.86,122259.98,122324.08,611.87927
2025-10-04 08:00:00,122324.08,122539.83,122186.03,122208.78,743.05697
2025-10-04 10:00:00,122208.79,122331.01,121962.81,121973.26,525.67936
2025-10-04 12:00:00,121973.26,122509.52,121945.0,122385.42,533.36392
2025-10-04 14:00:00,122385.42,122459.98,121698.88,121791.31,930.69274
2025-10-04 16:00:00,121791.31,121964.95,121595.67,121747.37,941.38812
2025-10-04 18:00:00,121747.36,121959.25,121510.0,121959.25,501.84652
2025-10-04 20:00:00,121959.25,122347.55,121871.01,122190.67,493.78627
2025-10-04 22:00:00,122190.67,122410.0,122139.98,122391.0,291.60037
2025-10-05 00:00:00,122390.99,122410.0,122136.0,122377.72,500.39987
2025-10-05 02:00:00,122377.71,124362.28,122342.0,123776.22,3711.62628
2025-10-05 04:00:00,123776.23,125708.42,123734.0,125127.99,5623.321733
2025-10-05 06:00:00,125127.99,125225.54,124622.6,124713.63,1719.22747
2025-10-05 08:00:00,124713.63,124838.37,122789.35,123020.5,2747.2173
2025-10-05 10:00:00,123020.51,123538.46,122520.24,123464.64,1708.09234
2025-10-05 12:00:00,123464.64,123464.65,122927.17,123161.39,1258.62473
2025-10-05 14:00:00,123161.4,123339.42,122675.0,122803.17,974.46531
2025-10-05 16:00:00,122803.17,123464.0,122301.63,123057.05,1404.90873
2025-10-05 18:00:00,123057.05,123220.3,122500.0,122591.79,981.25177
2025-10-05 20:00:00,122591.8,123055.05,122473.62,122729.99,587.57198
2025-10-05 22:00:00,122730.0,123548.83,122730.0,123482.31,826.39004
2025-10-06 00:00:00,123482.32,124358.46,123084.0,124035.32,2025.68823
2025-10-06 02:00:00,124035.33,124244.93,123476.04,123839.09,999.5962
2025-10-06 04:00:00,123839.09,123988.0,123294.93,123586.0,933.46249
2025-10-06 06:00:00,123586.01,124165.56,123280.49,123390.47,1277.16586
2025-10-06 08:00:00,123390.47,124056.73,123390.46,123955.3,1348.17625
2025-10-06 10:00:00,123955.29,124531.66,123735.73,124215.0,1420.03556
2025-10-06 12:00:00,124215.0,125079.85,124178.0,125031.33,2383.60051
2025-10-06 14:00:00,125031.34,125408.29,124339.38,125000.0,2184.09429
2025-10-06 16:00:00,125000.0,125819.2,124800.0,125284.0,2362.87902
2025-10-06 18:00:00,125284.01,126199.63,125044.46,125410.81,2359.293333
2025-10-06 20:00:00,125410.8,125534.0,124511.15,125097.85,1419.90337
2025-10-06 22:00:00,125097.86,125298.43,124628.0,124658.54,780.73368
2025-10-07 00:00:00,124658.54,125082.27,124442.87,124699.99,869.52141
2025-10-07 02:00:00,124699.99,124700.0,124101.26,124329.74,904.08838
2025-10-07 04:00:00,124329.74,124654.47,124109.1,124414.17,862.55039
2025-10-07 06:00:00,124414.17,124460.0,123567.6,123667.99,1592.67551
2025-10-07 08:00:00,123668.0,124246.64,123322.9,124117.48,1596.63479
2025-10-07 10:00:00,124117.48,124509.6,124020.0,124453.38,848.09936
2025-10-07 12:00:00,124453.37,125126.0,123288.0,123891.68,2482.42363
2025-10-07 14:00:00,123891.68,124000.0,121172.89,121846.01,4877.59092
2025-10-07 16:00:00,121846.01,122084.14,120800.02,121130.02,3292.74268
2025-10-07 18:00:00,121130.02,122027.3,120574.94,121637.17,2434.15332
2025-10-07 20:00:00,121637.18,122292.62,121637.18,122016.0,891.53931
2025-10-07 22:00:00,122016.0,122173.5,121258.08,121332.95,981.97415
2025-10-08 00:00:00,121332.96,122089.68,121276.0,121950.01,1171.30269
2025-10-08 02:00:00,121950.0,122229.66,121200.0,121374.75,1235.46557
2025-10-08 04:00:00,121374.76,121910.24,121066.14,121374.01,1421.31451
2025-10-08 06:00:00,121374.02,121872.37,121068.96,121597.06,1249.54493
2025-10-08 08:00:00,121597.05,122850.0,121524.01,122516.98,1936.50986
2025-10-08 10:00:00,122516.99,123200.0,122498.05,122884.14,1472.23058
2025-10-08 12:00:00,122884.14,123090.75,121649.68,122599.04,1351.15943
2025-10-08 14:00:00,122599.04,123350.0,121954.34,122189.72,2022.20887
2025-10-08 16:00:00,122189.72,124164.36,122110.08,124033.19,1978.41195
2025-10-08 18:00:00,124033.19,124197.25,123160.82,123450.0,1817.11826
2025-10-08 20:00:00,123450.01,123737.0,122794.4,123277.33,935.54282
2025-10-08 22:00:00,123277.34,123537.11,123056.31,123306.0,421.80853
2025-10-09 00:00:00,123306.01,123348.32,122339.41,122548.23,1032.75269
2025-10-09 02:00:00,122548.23,122548.23,121475.98,122038.01,1286.4257
2025-10-09 04:00:00,122038.01,122264.0,121823.94,122100.92,723.22101
2025-10-09 06:00:00,122100.92,122185.98,121724.71,121906.1,727.92689
2025-10-09 08:00:00,121906.09,121960.97,121145.49,121813.04,1446.79825
2025-10-09 10:00:00,121813.04,122833.02,121650.22,122737.57,1242.64281
2025-10-09 12:00:00,122737.56,123762.94,122277.76,122415.74,2716.44538
2025-10-09 14:00:00,122415.74,122608.0,120673.99,121147.14,3849.61662
2025-10-09 16:00:00,121147.15,121481.9,119651.47,120974.0,4502.82655
2025-10-09 18:00:00,120971.22,121108.12,120396.0,120951.72,1671.23314
2025-10-09 20:00:00,120951.72,121512.7,120838.0,121461.02,1179.89402
2025-10-09 22:00:00,121461.03,121900.0,121341.22,121662.4,1179.57701
2025-10-10 00:00:00,121662.41,121874.13,121489.06,121623.97,646.18717
2025-10-10 02:00:00,121623.96,121651.33,120900.0,121026.01,1448.49428
2025-10-10 04:00:00,121026.0,121604.49,120986.08,121583.89,983.4695
2025-10-10 06:00:00,121583.89,121754.34,120855.41,120932.05,1583.08029
2025-10-10 08:00:00,120932.05,121777.07,120916.44,121314.73,906.46318
2025-10-10 10:00:00,121314.73,121661.62,121228.83,121554.55,647.37376
2025-10-10 12:00:00,121554.55,122550.0,121384.6,121684.2,1741.09792
2025-10-10 14:00:00,121684.18,122069.76,118500.0,119018.98,6026.49461
2025-10-10 16:00:00,119018.99,119456.28,117579.79,117623.8,4272.37805
2025-10-10 18:00:00,117623.8,117851.5,115952.47,116661.5,4182.16622
2025-10-10 20:00:00,116661.5,117214.64,102000.0,113451.86,27387.1907
2025-10-10 22:00:00,113451.87,114807.41,110879.69,112774.5,14347.54359
2025-10-11 00:00:00,112774.49,113178.66,111019.43,111095.37,6416.75481
2025-10-11 02:00:00,111095.38,113322.39,111082.0,112300.01,5116.77188
2025-10-11 04:00:00,112300.0,112991.16,111700.0,112389.48,2703.60947
2025-10-11 06:00:00,112389.48,112753.91,110090.29,110384.61,4439.15325
2025-10-11 08:00:00,110384.6,111887.19,110162.23,111642.78,3608.48054
2025-10-11 10:00:00,111642.78,112359.67,111621.77,112280.0,2320.65938
2025-10-11 12:00:00,112280.01,112500.0,111890.33,112267.86,1971.04244
2025-10-11 14:00:00,112267.86,112385.93,111793.2,111793.2,1710.20107
2025-10-11 16:00:00,111793.21,112185.53,111442.91,112005.57,1513.30239
2025-10-11 18:00:00,112005.56,112025.4,110865.82,111178.31,1625.6092
2025-10-11 20:00:00,111178.3,111368.29,109561.59,110893.54,2851.95436
2025-10-11 22:00:00,110893.55,111291.61,110644.0,110644.4,1170.97773
2025-10-12 00:00:00,110644.4,110685.63,109565.06,109978.56,2376.962
2025-10-12 02:00:00,109978.56,111368.14,109600.0,110676.0,2408.62224
2025-10-12 04:00:00,110676.0,111957.14,110617.1,111700.38,1425.33319
2025-10-12 06:00:00,111700.38,112125.51,111491.09,111525.2,1305.96442
2025-10-12 08:00:00,111525.19,111920.01,111139.87,111837.04,1169.5445
2025-10-12 10:00:00,111837.05,112133.33,111450.0,111848.36,1641.27645
2025-10-12 12:00:00,111848.35,112250.0,111265.99,111297.52,2178.3685
2025-10-12 14:00:00,111297.51,113745.84,111177.75,113198.2,6842.04814
2025-10-12 16:00:00,113198.2,114700.0,113198.2,113799.99,5214.90344
2025-10-12 18:00:00,113799.99,114396.69,113553.81,114342.28,1420.44548
2025-10-12 20:00:00,114342.28,115600.0,114217.75,114882.06,3429.02341
2025-10-12 22:00:00,114882.06,115770.0,114733.65,114958.8,2842.81095
2025-10-13 00:00:00,114958.81,115888.0,114766.69,115713.32,2294.73539
2025-10-13 02:00:00,115713.31,115963.81,114619.45,114821.12,1828.87319
2025-10-13 04:00:00,114821.13,115000.0,114398.24,114611.82,1920.98777
2025-10-13 06:00:00,114611.82,115554.83,114417.77,115399.67,1516.02536
2025-10-13 08:00:00,115399.66,115438.17,114748.38,115127.04,1682.41743
2025-10-13 10:00:00,115127.05,115162.0,113616.5,114180.0,2878.44503
2025-10-13 12:00:00,114180.0,115530.0,113931.16,115345.79,3024.66947
2025-10-13 14:00:00,115345.79,115476.18,113800.01,114312.1,2513.4594
2025-10-13 16:00:00,114312.09,115174.0,114215.79,115040.55,1654.94318
2025-10-13 18:00:00,115040.55,115891.3,114710.0,115792.84,1713.97983
2025-10-13 20:00:00,115792.84,115868.0,115400.0,115700.0,641.13584
2025-10-13 22:00:00,115700.0,115835.04,115005.44,115166.0,887.56844
2025-10-14 00:00:00,115166.0,115409.96,114137.93,114274.57,1464.35897
2025-10-14 02:00:00,114274.57,114298.08,113279.76,113500.0,1992.48564
2025-10-14 04:00:00,113500.0,113691.0,112390.0,112493.11,2986.16686
2025-10-14 06:00:00,112493.1,112699.21,111355.01,111724.41,3300.13229
2025-10-14 08:00:00,111724.41,112140.0,111055.91,111287.89,1917.81592
2025-10-14 10:00:00,111287.9,111630.28,110012.24,111313.98,3364.01886
2025-10-14 12:00:00,111313.98,111361.15,109866.0,111014.38,3396.92778
2025-10-14 14:00:00,111014.38,112943.82,110905.73,112900.43,3790.05953
2025-10-14 16:00:00,112900.44,113187.62,111692.31,112774.97,4460.95607
2025-10-14 18:00:00,112774.98,113544.53,112021.59,112613.7,2975.05556
2025-10-14 20:00:00,112613.69,113186.0,112230.46,113128.7,1125.91831
2025-10-14 22:00:00,113128.7,113577.0,112822.16,113028.14,1096.43395
2025-10-15 00:00:00,113028.13,113112.41,112326.26,112738.17,1952.05347
2025-10-15 02:00:00,112738.17,113612.35,111825.93,112024.29,1574.49565
2025-10-15 04:00:00,112024.3,112659.0,111746.76,112431.95,1769.09688
2025-10-15 06:00:00,112431.95,112680.0,111896.07,112584.5,1673.10686
2025-10-15 08:00:00,112584.49,113520.88,112380.8,112564.01,2085.25565
2025-10-15 10:00:00,112564.0,112645.61,111693.26,111905.73,1613.82769
2025-10-15 12:00:00,111905.72,112085.68,110725.4,111389.0,2976.56793
2025-10-15 14:00:00,111389.01,112238.41,110400.0,110798.01,3613.93245
2025-10-15 16:00:00,110798.01,111186.78,110164.0,111186.78,2165.19358
2025-10-15 18:00:00,111186.77,111557.7,110826.21,111271.73,1152.55421
2025-10-15 20:00:00,111271.73,111556.27,110500.0,110854.19,1632.12842
2025-10-15 22:00:00,110854.2,111395.82,110590.1,110763.28,778.27532
2025-10-16 00:00:00,110763.28,111330.0,110361.0,111299.99,1530.25697
2025-10-16 02:00:00,111300.0,111867.17,111014.12,111329.48,1185.16771
2025-10-16 04:00:00,111329.48,111675.21,110750.0,110951.14,1404.62179
2025-10-16 06:00:00,110951.13,111773.7,110553.19,110584.2,1692.52081
2025-10-16 08:00:00,110584.21,111633.14,109635.15,111146.31,3497.89597
2025-10-16 10:00:00,111146.31,111728.7,111001.44,111404.72,1784.22211
2025-10-16 12:00:00,111404.73,111982.45,110684.32,110860.0,2170.57119
2025-10-16 14:00:00,110860.0,111420.02,108361.69,108549.21,6082.2405
2025-10-16 16:00:00,108549.21,109254.0,107577.57,108276.7,5200.61887
2025-10-16 18:00:00,108276.69,108751.02,107680.0,108197.66,3054.65005
2025-10-16 20:00:00,108197.67,108463.31,107427.0,108443.7,1431.88468
2025-10-16 22:00:00,108443.71,108500.0,107736.56,108194.28,822.52187
2025-10-17 00:00:00,108194.27,109115.08,107934.4,108839.84,1320.25988
2025-10-17 02:00:00,108839.84,109240.0,108390.21,109176.74,1097.63321
2025-10-17 04:00:00,109176.74,109236.01,108299.12,108381.76,1288.33013
2025-10-17 06:00:00,108381.75,108519.49,105542.09,105633.75,6731.7452
2025-10-17 08:00:00,105633.75,105716.15,104505.0,104531.35,6667.59228
2025-10-17 10:00:00,104530.0,106651.22,103528.23,105683.72,7240.74094
2025-10-17 12:00:00,105683.71,106166.0,104876.19,105835.63,3724.73849
2025-10-17 14:00:00,105835.62,106852.14,104533.21,106803.53,4122.60464
2025-10-17 16:00:00,106803.52,107575.6,106071.42,106453.27,2632.55727
2025-10-17 18:00:00,106453.26,107089.99,106233.65,106454.72,1283.91017
2025-10-17 20:00:00,106457.24,107440.02,106342.47,107301.4,977.79334
2025-10-17 22:00:00,107301.41,107415.73,106392.08,106431.68,832.76283
2025-10-18 00:00:00,106431.68,107306.06,106322.2,107149.3,996.81897
2025-10-18 02:00:00,107149.3,107297.87,106493.23,107070.4,1671.48443
2025-10-18 04:00:00,107070.41,107070.41,106439.38,106812.52,1095.61143
2025-10-18 06:00:00,106812.52,107499.0,106607.2,106665.0,1880.72364
2025-10-18 08:00:00,106665.01,106966.62,106605.93,106884.41,1576.07949
2025-10-18 10:00:00,106884.41,107222.0,106770.0,107208.6,760.6487
2025-10-18 12:00:00,107208.61,107300.0,106810.0,106888.78,535.68829
2025-10-18 14:00:00,106888.77,107146.18,106739.33,106948.75,889.93034
2025-10-18 16:00:00,106948.75,107063.89,106484.0,106880.03,599.08133
2025-10-18 18:00:00,106880.04,107091.87,106722.72,107080.14,312.17758
2025-10-18 20:00:00,107080.14,107339.03,106851.84,107177.05,461.09373
2025-10-18 22:00:00,107177.05,107283.71,107014.58,107185.01,343.84973
2025-10-19 00:00:00,107185.0,107267.2,106734.17,106973.26,578.10824
2025-10-19 02:00:00,106973.27,107367.16,106802.32,107275.78,480.00386
2025-10-19 04:00:00,107275.79,107290.0,106794.23,106888.59,773.54441
2025-10-19 06:00:00,106888.6,106912.08,106558.61,106786.0,473.65148
2025-10-19 08:00:00,106786.0,108213.04,106103.36,107401.47,3157.11669
2025-10-19 10:00:00,107401.47,108260.5,106999.57,107783.47,1902.44198
2025-10-19 12:00:00,107783.47,108227.44,107355.02,108096.34,1728.79102
2025-10-19 14:00:00,108096.33,108621.68,107887.28,108486.7,1907.68206
2025-10-19 16:00:00,108486.71,109437.43,108240.0,109113.52,1588.94466
2025-10-19 18:00:00,109113.53,109450.07,108800.57,108908.43,841.61831
2025-10-19 20:00:00,108908.43,108984.9,108620.0,108744.82,934.37962
2025-10-19 22:00:00,108744.83,109370.99,108471.1,108642.78,1114.3819
2025-10-20 00:00:00,108642.77,108642.77,107402.52,108053.58,1801.70815
2025-10-20 02:00:00,108053.57,110427.86,107854.71,110145.44,1881.84693
2025-10-20 04:00:00,110145.45,111111.0,109951.96,111033.79,1857.15521
2025-10-20 06:00:00,111033.79,111445.67,111001.91,111169.92,2110.82151
2025-10-20 08:00:00,111169.91,111679.25,110691.96,110964.13,2021.19264
2025-10-20 10:00:00,110964.14,111098.01,110608.27,111016.75,1431.6744
2025-10-20 12:00:00,111016.75,111203.06,110588.23,111161.35,1091.08677
2025-10-20 14:00:00,111161.35,111705.56,110736.0,111144.55,1915.11827
2025-10-20 16:00:00,111144.55,111303.05,109855.83,110282.76,2795.29544
2025-10-20 18:00:00,110282.76,111067.33,110220.0,110803.22,921.36125
2025-10-20 20:00:00,110803.22,111272.0,110464.91,110563.2,813.06415
2025-10-20 22:00:00,110563.2,110867.39,110418.25,110532.09,553.11688
2025-10-21 00:00:00,110532.09,110532.09,109555.0,109863.19,1114.63329
2025-10-21 02:00:00,109863.18,109922.89,109052.09,109059.22,1291.18013
2025-10-21 04:00:00,109059.23,109059.23,107473.72,107537.12,3468.24752
2025-10-21 06:00:00,107537.12,108200.0,107499.19,108086.37,1462.07928
2025-10-21 08:00:00,108086.38,108098.72,107484.22,107754.27,1347.31414
2025-10-21 10:00:00,107754.27,108811.47,107580.0,108580.01,1642.41243
2025-10-21 12:00:00,108580.0,109485.78,107922.06,108426.98,2490.81963
2025-10-21 14:00:00,108426.98,113557.62,108408.0,113422.61,7511.28774
2025-10-21 16:00:00,113422.6,114000.0,111813.18,111973.42,8185.81738
2025-10-21 18:00:00,111973.41,112297.14,111324.29,111780.39,2545.66078
2025-10-21 20:00:00,111780.4,111801.41,110111.0,110816.32,2153.07004
2025-10-21 22:00:00,110816.33,110816.33,108045.81,108297.67,4015.49423
2025-10-22 00:00:00,108297.66,108643.61,107841.2,108364.21,3030.86937
2025-10-22 02:00:00,108364.22,108678.21,107860.92,108216.02,1820.69522
2025-10-22 04:00:00,108216.03,108638.99,107879.93,108166.81,2130.89488
2025-10-22 06:00:00,108166.82,108331.75,107610.0,108321.63,1752.26476
2025-10-22 08:00:00,108321.64,108358.76,107773.89,107963.13,1062.97206
2025-10-22 10:00:00,107963.12,108207.99,106708.18,107555.05,2949.6878
2025-10-22 12:00:00,107555.04,109014.34,107443.01,108783.36,2730.93815
2025-10-22 14:00:00,108783.35,109163.88,107500.0,108416.5,5194.73512
2025-10-22 16:00:00,108416.5,108796.42,107566.65,107778.45,2503.80815
2025-10-22 18:00:00,107778.45,108411.61,107463.29,107870.35,1504.24623
2025-10-22 20:00:00,107870.35,108069.93,106666.69,107207.98,2551.80973
2025-10-22 22:00:00,107207.98,107946.15,106917.57,107567.44,1377.86304
2025-10-23 00:00:00,107567.45,108500.0,107500.0,108150.0,1408.24574
2025-10-23 02:00:00,108150.01,108720.39,108058.66,108377.96,965.25743
2025-10-23 04:00:00,108377.96,108991.81,108350.36,108940.58,843.26492
2025-10-23 06:00:00,108940.58,110298.29,108849.07,109269.9,2471.52093
2025-10-23 08:00:00,109269.9,109903.83,109123.01,109426.99,1240.49643
2025-10-23 10:00:00,109427.0,109701.9,109100.4,109253.89,963.5146
2025-10-23 12:00:00,109253.88,109650.01,108685.72,109500.62,2239.86881
2025-10-23 14:00:00,109500.62,110109.99,108723.13,109908.28,2044.72144
2025-10-23 16:00:00,109908.29,111293.61,109647.34,111241.71,2489.58855
2025-10-23 18:00:00,111241.71,111289.36,110106.0,110200.0,1150.73214
2025-10-23 20:00:00,110200.01,110200.01,109341.28,109532.97,1053.29321
2025-10-23 22:00:00,109532.96,110158.37,109517.37,110078.18,702.58874
2025-10-24 00:00:00,110078.19,110709.22,109983.93,110585.08,903.07602
2025-10-24 02:00:00,110585.09,110829.67,110274.85,110441.46,635.80844
2025-10-24 04:00:00,110441.46,111470.32,110332.0,111261.36,1473.94876
2025-10-24 06:00:00,111261.37,111522.3,110768.23,111054.61,1231.24567
2025-10-24 08:00:00,111054.61,111482.99,110680.01,111324.51,1073.709
2025-10-24 10:00:00,111324.51,111325.42,110600.0,111066.29,907.93758
2025-10-24 12:00:00,111066.29,112104.98,110379.51,110937.94,2893.00502
2025-10-24 14:00:00,110937.94,110937.95,109700.01,110046.91,2640.11755
2025-10-24 16:00:00,110046.92,110571.18,109797.13,110235.22,810.04902
2025-10-24 18:00:00,110235.22,110945.39,110166.0,110615.07,660.0188
2025-10-24 20:00:00,110615.07,111100.0,110478.0,111085.57,1429.65871
2025-10-24 22:00:00,111085.57,111138.62,110882.05,111004.89,346.59456
2025-10-25 00:00:00,111004.9,111226.67,110672.86,111070.31,446.03782
2025-10-25 02:00:00,111070.31,111136.65,110950.02,111029.99,383.31131
2025-10-25 04:00:00,111029.99,111458.81,111029.99,111386.79,646.20352
2025-10-25 06:00:00,111386.78,111820.87,111261.01,111489.6,770.88677
2025-10-25 08:00:00,111489.59,111850.13,111488.44,111521.47,822.96964
2025-10-25 10:00:00,111521.47,111718.99,111375.81,111563.81,555.2169
2025-10-25 12:00:00,111563.81,111943.19,111520.0,111680.91,718.49701
2025-10-25 14:00:00,111680.92,111765.97,111311.19,111385.18,535.58796
2025-10-25 16:00:00,111385.18,111479.99,111164.39,111374.96,564.98819
2025-10-25 18:00:00,111374.97,111731.78,111317.34,111623.45,398.53125
2025-10-25 20:00:00,111623.46,111659.39,111342.25,111477.76,287.80814
2025-10-25 22:00:00,111477.76,111683.64,111409.54,111646.27,277.93013
2025-10-26 00:00:00,111646.27,111899.56,111520.0,111644.42,641.62401
2025-10-26 02:00:00,111644.41,111687.37,111260.45,111260.46,385.15782
2025-10-26 04:00:00,111260.46,111650.9,111260.46,111615.32,339.32735
2025-10-26 06:00:00,111615.33,111724.96,111548.75,111723.98,326.18259
2025-10-26 08:00:00,111723.98,112779.81,111708.63,112528.83,1570.70411
2025-10-26 10:00:00,112528.82,113466.23,112189.33,113286.09,1416.86807
2025-10-26 12:00:00,113286.09,114000.0,113279.85,113711.53,2329.172
2025-10-26 14:00:00,113711.53,113885.27,113425.87,113694.97,1177.13951
2025-10-26 16:00:00,113694.97,113761.98,113290.62,113442.13,876.14132
2025-10-26 18:00:00,113442.14,113793.93,113442.13,113585.99,483.97457
2025-10-26 20:00:00,113585.98,113590.48,112901.0,113497.06,712.26666
2025-10-26 22:00:00,113497.06,115466.8,113497.06,114559.4,3195.91936
2025-10-27 00:00:00,114559.41,115388.96,114362.26,115284.01,1868.20753
2025-10-27 02:00:00,115284.01,115445.39,114815.6,114958.51,1413.44514
2025-10-27 04:00:00,114958.52,115652.89,114938.01,115556.57,1228.42154
2025-10-27 06:00:00,115556.56,116400.0,115361.65,115554.6,4250.52396
2025-10-27 08:00:00,115554.59,115607.48,114814.69,115254.01,2398.20921
2025-10-27 10:00:00,115254.01,115550.02,115120.9,115362.02,1303.71405
2025-10-27 12:00:00,115362.02,115437.48,114566.83,115264.28,2182.4078
2025-10-27 14:00:00,115264.29,115358.0,114503.99,114969.68,2311.03153
2025-10-27 16:00:00,114969.68,115706.06,114872.12,115706.06,1260.33736
2025-10-27 18:00:00,115706.06,115790.0,114790.81,114942.64,997.87018
2025-10-27 20:00:00,114942.64,114942.64,114135.61,114302.7,1045.78922
2025-10-27 22:00:00,114302.69,114585.01,113830.01,114107.65,1190.27489
2025-10-28 00:00:00,114107.65,114547.2,113788.32,114424.76,1040.42317
2025-10-28 02:00:00,114424.76,114474.1,113569.91,113908.24,1143.71962
2025-10-28 04:00:00,113908.25,114076.91,113483.3,113605.31,1068.84146
2025-10-28 06:00:00,113605.32,114364.99,113605.32,114188.37,1121.83724
2025-10-28 08:00:00,114188.38,114634.46,114113.3,114528.6,680.83372
2025-10-28 10:00:00,114528.61,114673.68,114297.06,114357.73,556.09996
2025-10-28 12:00:00,114357.72,115522.91,114138.06,115522.9,1467.52371
2025-10-28 14:00:00,115522.91,116086.0,114223.63,114641.38,2540.98885
2025-10-28 16:00:00,114641.38,115591.41,114530.0,115290.0,1191.51349
2025-10-28 18:00:00,115289.99,115366.45,113566.44,113689.99,1528.28187
2025-10-28 20:00:00,113689.0,113703.32,112211.0,112994.4,2464.24327
2025-10-28 22:00:00,112994.41,113289.02,112779.57,112898.45,719.11621
2025-10-29 00:00:00,112898.44,112975.75,112100.0,112500.03,1421.96287
2025-10-29 02:00:00,112500.03,112780.0,112339.77,112523.49,654.25854
2025-10-29 04:00:00,112523.49,113379.0,112505.58,113039.1,952.44221
2025-10-29 06:00:00,113039.09,113577.9,112976.93,113577.9,1084.19105
2025-10-29 08:00:00,113577.9,113624.12,112768.63,112974.44,1166.83969
2025-10-29 10:00:00,112974.44,113240.72,112732.91,113132.36,804.15357
2025-10-29 12:00:00,113132.35,113643.73,112705.0,112873.07,1499.30909
2025-10-29 14:00:00,112873.08,112916.0,111401.5,111509.74,3107.08702
2025-10-29 16:00:00,111509.74,111922.44,110960.0,111883.49,2199.55269
2025-10-29 18:00:00,111883.5,112030.23,109200.0,110640.0,5542.28612
2025-10-29 20:00:00,110640.0,111800.0,110403.28,111617.26,1133.58856
2025-10-29 22:00:00,111617.26,111618.46,109733.22,110021.29,1514.04235
2025-10-30 00:00:00,110021.3,110725.64,109703.43,110460.76,1225.23132
2025-10-30 02:00:00,110460.75,111011.99,110331.04,110751.47,1116.9545
2025-10-30 04:00:00,110751.48,110761.43,107925.06,110248.29,4749.13933
2025-10-30 06:00:00,110248.28,111592.0,109978.01,111366.72,1832.62702
2025-10-30 08:00:00,111366.72,111467.01,110125.17,110171.69,1846.32739
2025-10-30 10:00:00,110171.68,110231.92,109692.3,109717.29,1124.21474
2025-10-30 12:00:00,109717.19,109777.93,107400.0,107627.16,4318.02357
2025-10-30 14:00:00,107627.15,108374.21,107328.0,107711.56,2226.08731
2025-10-30 16:00:00,107711.56,108214.85,106801.0,107486.69,2160.02833
2025-10-30 18:00:00,107486.69,107556.65,106304.34,106536.39,2207.23375
2025-10-30 20:00:00,106536.39,107950.0,106316.17,107907.68,2051.22144
2025-10-30 22:00:00,107907.67,108334.53,107472.0,108322.88,1131.73968
2025-10-31 00:00:00,108322.87,110042.16,108275.28,109619.77,2487.14458
2025-10-31 02:00:00,109619.77,109685.32,108565.26,109227.86,1687.13672
2025-10-31 04:00:00,109227.87,110215.0,109114.88,109899.15,2072.08752
2025-10-31 06:00:00,109899.15,109968.71,109266.58,109449.31,1526.3817
2025-10-31 08:00:00,109449.32,110450.0,109214.13,109848.39,1352.57219
2025-10-31 10:00:00,109848.39,110550.0,109461.53,110415.61,1087.25075
2025-10-31 12:00:00,110415.62,110681.0,109366.91,110157.54,2068.42167
2025-10-31 14:00:00,110157.54,111190.0,109590.46,110202.9,4044.89523
2025-10-31 16:00:00,110202.9,110300.0,108635.0,109299.98,2230.95143
2025-10-31 18:00:00,109299.98,110237.66,108974.76,109828.78,1633.45918
2025-10-31 20:00:00,109828.78,109828.79,109329.15,109558.48,863.55139
2025-10-31 22:00:00,109558.48,109801.89,109483.66,109608.01,464.35203
2025-11-01 00:00:00,109608.01,110048.0,109394.81,109734.11,520.55778
2025-11-01 02:00:00,109734.1,110315.54,109478.09,110226.37,808.97304
2025-11-01 04:00:00,110226.38,110564.49,110050.0,110140.79,717.76455
2025-11-01 06:00:00,110140.78,110251.67,109933.86,110071.4,556.14717
2025-11-01 08:00:00,110071.4,110270.9,109970.18,109991.29,661.51824
2025-11-01 10:00:00,109991.29,110238.78,109854.72,110137.59,466.46922
2025-11-01 12:00:00,110137.59,110200.0,109702.66,109946.27,563.74974
2025-11-01 14:00:00,109946.26,110348.0,109728.94,110310.65,963.25535
2025-11-01 16:00:00,110310.65,110529.99,110192.0,110208.97,967.93595
2025-11-01 18:00:00,110208.96,110361.03,110193.43,110299.99,279.39967
2025-11-01 20:00:00,110300.0,110516.17,109858.44,109862.85,484.2583
2025-11-01 22:00:00,109862.85,110144.49,109862.84,110098.1,388.4753
2025-11-02 00:00:00,110098.1,110127.26,109895.27,109978.01,477.85271
2025-11-02 02:00:00,109978.01,110263.91,109879.39,110053.23,378.42052
2025-11-02 04:00:00,110053.22,110784.13,110030.06,110497.98,2641.81659
2025-11-02 06:00:00,110497.98,111045.09,110274.9,110895.53,1787.38643
2025-11-02 08:00:00,110895.53,111037.94,110525.89,110714.0,1085.07485
2025-11-02 10:00:00,110714.0,111229.78,110346.15,111196.99,1343.22354
2025-11-02 12:00:00,111196.99,111250.01,110173.84,110568.65,880.82165
2025-11-02 14:00:00,110568.65,110667.62,110096.32,110117.48,808.55782
2025-11-02 16:00:00,110117.49,110263.91,109735.59,110190.4,830.15364
2025-11-02 18:00:00,110190.41,110331.0,109960.95,110180.84,355.32239
2025-11-02 20:00:00,110180.85,110213.2,109890.34,109990.9,404.85072
2025-11-02 22:00:00,109990.91,110742.26,109471.34,110540.68,1113.52001
2025-11-03 00:00:00,110540.69,110750.0,109366.75,109665.5,1354.32659
2025-11-03 02:00:00,109665.5,109754.14,107907.44,107937.45,2612.20291
2025-11-03 04:00:00,107937.45,108075.0,107400.0,107606.75,1873.67053
2025-11-03 06:00:00,107606.75,107832.45,107006.05,107468.23,1989.85243
2025-11-03 08:00:00,107468.23,107912.86,106888.0,107197.94,1709.15282
2025-11-03 10:00:00,107197.95,107920.92,106726.63,107787.42,1761.41059
2025-11-03 12:00:00,107787.42,108265.44,107574.77,107908.68,1390.28671
2025-11-03 14:00:00,107908.68,108333.0,105511.0,105745.71,4773.87105
2025-11-03 16:00:00,105745.71,107783.2,105306.56,107481.19,5185.99771
2025-11-03 18:00:00,107481.2,107599.85,106455.23,107090.0,2602.41713
2025-11-03 20:00:00,107090.0,107169.68,106088.73,106888.71,1640.46765
2025-11-03 22:00:00,106888.71,106888.71,105755.59,106583.04,1787.53167
2025-11-04 00:00:00,106583.05,107298.74,105852.37,107040.01,2329.64542
2025-11-04 02:00:00,107040.0,107243.23,106223.14,107158.79,1759.33311
2025-11-04 04:00:00,107158.79,107299.0,104200.0,104215.76,4013.78881
2025-11-04 06:00:00,104215.76,105201.0,104200.0,104490.72,4016.07793
2025-11-04 08:00:00,104490.73,104631.39,103636.0,103857.96,3259.77014
2025-11-04 10:00:00,103857.96,104699.07,103605.0,104584.76,2061.33032
2025-11-04 12:00:00,104584.75,104638.29,103576.0,103924.25,2235.26276
2025-11-04 14:00:00,103924.26,104842.63,102915.05,103197.01,5187.63615
2025-11-04 16:00:00,103197.02,103500.05,100800.0,101114.83,7536.73485
2025-11-04 18:00:00,101114.82,101711.84,100010.73,100542.64,5916.201
2025-11-04 20:00:00,100542.64,101119.4,98944.36,100311.46,8441.33809
2025-11-04 22:00:00,100311.46,101893.09,100082.0,101497.22,3777.75518
2025-11-05 00:00:00,101497.23,101752.96,98966.8,100761.62,4477.38667
2025-11-05 02:00:00,100761.62,102272.23,100754.54,102130.0,6535.45794
2025-11-05 04:00:00,102130.0,102370.0,101517.47,101824.89,3147.92935
2025-11-05 06:00:00,101824.89,102152.58,101500.0,101993.02,1513.91143
2025-11-05 08:00:00,101993.03,102203.48,101176.47,101995.29,1964.88937
2025-11-05 10:00:00,101995.28,102110.48,101285.09,102070.61,1612.61212
2025-11-05 12:00:00,102070.62,103253.39,101916.77,102985.91,2692.85191
2025-11-05 14:00:00,102985.9,103798.37,102169.06,103728.3,3653.06674
2025-11-05 16:00:00,103728.3,104039.66,103057.56,103904.05,3473.69694
2025-11-05 18:00:00,103904.05,104529.41,103759.53,104008.09,2019.07491
2025-11-05 20:00:00,104008.09,104534.74,103500.8,103672.37,1468.44371
2025-11-05 22:00:00,103672.38,104100.0,103305.05,103885.16,1219.45462
2025-11-06 00:00:00,103885.16,103897.86,102716.26,103365.65,2379.50876
2025-11-06 02:00:00,103365.64,103933.33,102855.66,103636.03,1402.28561
2025-11-06 04:00:00,103636.92,104200.0,103088.0,103143.57,1426.64842
2025-11-06 06:00:00,103143.57,103591.47,102910.66,103185.48,1544.2171
2025-11-06 08:00:00,103184.75,103440.0,102810.0,102810.01,1183.77987
2025-11-06 10:00:00,102810.01,103300.01,102651.63,103227.58,1473.47328
2025-11-06 12:00:00,103227.59,103626.46,102383.64,103319.71,1992.32863
2025-11-06 14:00:00,103319.71,103579.68,101630.0,102014.48,4688.21764
2025-11-06 16:00:00,102014.49,102393.51,100300.95,101804.01,4346.49769
2025-11-06 18:00:00,101804.02,102338.0,100916.74,101388.81,1712.76621
2025-11-06 20:00:00,101388.82,101643.28,100541.17,101117.17,1750.65478
2025-11-06 22:00:00,101117.17,101538.0,101009.7,101346.04,1914.2434
2025-11-07 00:00:00,101346.04,101894.83,100749.94,101538.96,1918.59332
2025-11-07 02:00:00,101538.96,102500.0,101242.79,101916.29,2047.0204
2025-11-07 04:00:00,101916.3,102527.0,101582.92,102447.47,1499.30137
2025-11-07 06:00:00,102447.48,102496.0,101638.43,102010.0,1563.30962
2025-11-07 08:00:00,102009.99,102050.0,100775.65,101013.66,2200.37964
2025-11-07 10:00:00,101013.67,101250.03,99803.58,100411.89,4400.0315
2025-11-07 12:00:00,100411.89,100625.0,99260.86,100347.35,3435.14811
2025-11-07 14:00:00,100347.35,101253.99,99519.32,100797.95,5197.86863
2025-11-07 16:00:00,100797.95,102736.84,100517.06,102397.12,4067.16321
2025-11-07 18:00:00,102397.13,103395.25,102282.2,103395.25,2769.40491
2025-11-07 20:00:00,103395.92,103900.0,102958.0,103879.23,1713.94379
2025-11-07 22:00:00,103879.22,104096.36,103329.79,103339.08,1247.34492
2025-11-08 00:00:00,103339.09,103406.22,102539.49,102996.84,1375.5059
2025-11-08 02:00:00,102996.85,103333.33,102592.75,102592.76,1026.30061
2025-11-08 04:00:00,102592.76,102836.0,102272.66,102304.0,998.98788
2025-11-08 06:00:00,102304.01,102519.03,101902.64,102352.96,1042.97463
2025-11-08 08:00:00,102352.96,102687.72,102156.36,102399.46,829.80994
2025-11-08 10:00:00,102399.45,102630.14,101715.76,101857.1,1008.40063
2025-11-08 12:00:00,101857.1,102186.99,101720.67,101804.63,1392.07911
2025-11-08 14:00:00,101804.62,102083.67,101454.0,101711.45,1671.05245
2025-11-08 16:00:00,101711.46,102003.57,101525.98,101994.52,982.54742
2025-11-08 18:00:00,101994.53,102219.39,101522.08,101989.65,1137.85969
2025-11-08 20:00:00,101989.65,102367.72,101957.94,102272.81,441.047
2025-11-08 22:00:00,102272.82,102482.2,102171.73,102312.94,484.21459
2025-11-09 00:00:00,102312.95,102337.89,101620.23,102045.07,989.82859
2025-11-09 02:00:00,102045.07,102045.07,101400.0,101662.05,1166.50754
2025-11-09 04:00:00,101662.05,102130.61,101635.96,101928.54,669.9352
2025-11-09 06:00:00,101928.54,101980.0,101681.75,101944.59,431.72812
2025-11-09 08:00:00,101944.6,102127.26,101631.62,101657.46,627.87666
2025-11-09 10:00:00,101657.46,102307.68,101500.0,102239.41,1197.69312
2025-11-09 12:00:00,102239.41,102997.38,102050.64,102911.39,1310.91153
2025-11-09 14:00:00,102911.4,104168.0,102769.99,103762.17,3376.73731
2025-11-09 16:00:00,103762.18,103964.81,103316.23,103637.57,1202.29763
2025-11-09 18:00:00,103637.58,104805.57,103520.0,104805.57,1622.21654
2025-11-09 20:00:00,104805.57,105061.08,104314.89,104528.82,1176.81348
2025-11-09 22:00:00,104528.82,105495.62,104058.59,104722.96,2566.42524
2025-11-10 00:00:00,104722.95,106670.11,104265.02,105699.99,4877.65295
2025-11-10 02:00:00,105700.0,106291.43,105556.68,106027.97,1623.68997
2025-11-10 04:00:00,106027.97,106473.73,105846.26,106100.0,1296.89183
2025-11-10 06:00:00,106100.0,106539.4,105963.3,106461.45,1387.24726
2025-11-10 08:00:00,106461.46,106599.47,105836.0,106440.0,1495.0148
2025-11-10 10:00:00,106440.0,106454.73,105955.29,106176.5,861.42748
2025-11-10 12:00:00,106176.5,106589.89,105868.0,106548.02,1441.88096
2025-11-10 14:00:00,106548.02,106548.02,104667.0,105079.99,4278.89978
2025-11-10 16:00:00,105079.99,105981.79,104784.36,105953.1,1714.41144
2025-11-10 18:00:00,105953.1,106094.31,105408.0,105817.99,1041.99795
2025-11-10 20:00:00,105818.0,106299.22,105280.0,105631.27,1776.22436
2025-11-10 22:00:00,105631.26,106275.16,105364.68,106011.13,886.91795
2025-11-11 00:00:00,106011.13,107500.0,105500.0,106110.36,2431.23437
2025-11-11 02:00:00,106110.36,107130.0,105610.0,106456.0,2503.79325
2025-11-11 04:00:00,106456.0,106546.0,105166.66,105249.35,1414.58436
2025-11-11 06:00:00,105249.35,105345.68,104741.2,104783.98,1901.64988
2025-11-11 08:00:00,104783.99,105485.71,104762.23,104971.63,1015.19309
2025-11-11 10:00:00,104971.62,105497.99,104920.25,105311.9,789.4359
2025-11-11 12:00:00,105311.9,105500.0,104022.92,104390.92,5420.77211
2025-11-11 14:00:00,104390.93,104665.67,103170.33,103455.99,3430.29689
2025-11-11 16:00:00,103455.99,103730.0,102840.22,103338.99,1581.63025
2025-11-11 18:00:00,103338.99,103572.37,102861.72,103126.39,966.32884
2025-11-11 20:00:00,103126.39,103224.29,102476.09,102633.92,1538.98996
2025-11-11 22:00:00,102633.92,103209.13,102503.0,103058.99,1202.59828
2025-11-12 00:00:00,103059.0,103394.01,102687.72,103254.64,1598.10607
2025-11-12 02:00:00,103254.63,103440.96,102939.85,103310.0,1073.94954
2025-11-12 04:00:00,103310.0,103467.2,103011.0,103385.3,786.28097
2025-11-12 06:00:00,103385.31,103654.38,103051.59,103112.66,1379.34349
2025-11-12 08:00:00,103112.65,105079.31,103112.24,104521.56,2412.44354
2025-11-12 10:00:00,104521.56,105200.0,104510.5,105020.83,1131.26337
2025-11-12 12:00:00,105020.82,105333.33,104622.43,105039.99,1190.71922
2025-11-12 14:00:00,105039.99,105039.99,101961.97,102173.51,4001.28391
2025-11-12 16:00:00,102173.51,102285.18,101300.0,101748.02,3268.28256
2025-11-12 18:00:00,101748.01,101947.88,100813.59,101297.31,1600.98335
2025-11-12 20:00:00,101297.31,101920.48,101141.03,101920.47,1096.74495
2025-11-12 22:00:00,101920.48,101999.35,101448.82,101654.37,918.23809
2025-11-13 00:00:00,101654.37,102604.0,101467.15,102007.0,1789.34022
2025-11-13 02:00:00,102006.99,102566.93,100922.55,102130.21,1797.13199
2025-11-13 04:00:00,102130.21,103400.0,101665.59,103135.84,1767.17953
2025-11-13 06:00:00,103136.0,104085.01,102914.39,103475.66,2558.64325
2025-11-13 08:00:00,103475.66,103811.49,102553.63,102827.0,2236.68385
2025-11-13 10:00:00,102827.0,103289.89,102711.53,102936.5,901.95558
2025-11-13 12:00:00,102936.49,103274.93,102150.0,102326.48,1784.97886
2025-11-13 14:00:00,102326.48,103483.83,101184.14,101382.64,4479.45391
2025-11-13 16:00:00,101382.63,101540.93,99608.98,99659.99,6032.79903
2025-11-13 18:00:00,99659.99,99922.0,98147.4,98682.14,6888.28174
2025-11-13 20:00:00,98682.13,99031.76,98000.4,98817.36,3443.27084
2025-11-13 22:00:00,98817.35,100501.31,98701.88,99692.02,2518.78891
2025-11-14 00:00:00,99692.03,99778.0,98700.0,99255.6,4041.27133
2025-11-14 02:00:00,99255.6,99866.02,98805.23,99139.38,1798.54436
2025-11-14 04:00:00,99139.38,99178.58,96712.12,97523.98,5947.07041
2025-11-14 06:00:00,97523.98,97742.85,95933.75,97151.98,5169.66151
2025-11-14 08:00:00,97151.97,97553.7,96681.63,96839.93,2635.393
2025-11-14 10:00:00,96839.94,97286.92,95711.0,96167.44,2620.20832
2025-11-14 12:00:00,96167.45,96167.45,94560.48,95243.95,8438.40567
2025-11-14 14:00:00,95243.95,97322.35,94951.43,96796.14,5874.31511
2025-11-14 16:00:00,96796.14,97411.11,95600.0,95842.56,3027.73507
2025-11-14 18:00:00,95842.57,96329.58,94800.55,95778.29,2577.90995
2025-11-14 20:00:00,95778.3,95940.0,94201.77,95059.47,2845.38676
2025-11-14 22:00:00,95059.46,95482.74,94012.45,94594.0,2312.24332
2025-11-15 00:00:00,94594.0,95800.0,94558.49,95650.17,1997.38165
2025-11-15 02:00:00,95650.17,96846.68,95395.08,96417.12,2379.40912
2025-11-15 04:00:00,96417.12,96520.0,95921.21,96342.18,1253.4565
2025-11-15 06:00:00,96342.18,96570.65,95947.68,96333.86,1290.48712
2025-11-15 08:00:00,96333.87,96350.52,95642.61,95808.44,1642.30182
2025-11-15 10:00:00,95808.44,96064.49,95630.0,95696.87,693.92456
2025-11-15 12:00:00,95696.86,96372.99,95565.17,96370.16,1129.32544
2025-11-15 14:00:00,96370.17,96471.22,96013.58,96260.0,857.96034
2025-11-15 16:00:00,96259.99,96419.65,95731.32,96238.5,1300.07907
2025-11-15 18:00:00,96238.51,96349.86,95920.94,96012.01,580.57324
2025-11-15 20:00:00,96012.01,96012.01,95119.94,95279.99,1398.25049
2025-11-15 22:00:00,95280.0,95694.01,95225.78,95596.24,587.74456
2025-11-16 00:00:00,95596.23,95704.81,94841.62,95276.62,1018.50325
2025-11-16 02:00:00,95276.61,95979.79,95094.31,95825.02,878.16681
2025-11-16 04:00:00,95825.02,96192.0,95650.72,95881.82,741.4397
2025-11-16 06:00:00,95881.83,96100.0,95721.68,96099.99,537.89962
2025-11-16 08:00:00,96099.98,96635.11,95859.35,96629.75,990.01145
2025-11-16 10:00:00,96629.74,96629.74,95500.0,95627.13,1595.36909
2025-11-16 12:00:00,95627.13,95900.0,95117.48,95420.44,1109.69027
2025-11-16 14:00:00,95420.44,95673.9,94368.24,94573.46,1436.62847
2025-11-16 16:00:00,94573.46,94945.52,93770.48,94357.67,4759.49247
2025-11-16 18:00:00,94357.66,95567.79,93775.81,94020.0,4285.76128
2025-11-16 20:00:00,94020.49,94739.74,93369.0,93505.22,2295.22674
2025-11-16 22:00:00,93505.23,94540.0,93005.55,94261.44,4241.21595
2025-11-17 00:00:00,94261.45,95487.8,93767.27,94768.02,2629.25924
2025-11-17 02:00:00,94768.02,95559.99,94707.82,95496.77,1495.27801
2025-11-17 04:00:00,95496.77,95575.94,94849.37,95122.76,2196.59237
2025-11-17 06:00:00,95122.77,95880.0,94900.0,95653.77,1643.25419
2025-11-17 08:00:00,95653.78,96026.71,95309.68,95656.21,1989.56162
2025-11-17 10:00:00,95656.2,95938.36,95369.98,95565.38,1426.0978
2025-11-17 12:00:00,95565.38,95571.3,93571.3,93959.79,3041.51475
2025-11-17 14:00:00,93959.78,96043.0,93755.22,93959.67,5044.12177
2025-11-17 16:00:00,93959.68,94419.88,92658.82,92767.49,5031.51961
2025-11-17 18:00:00,92767.48,93224.35,91588.0,91678.93,6669.05621
2025-11-17 20:00:00,91678.93,92253.72,91292.0,91959.71,5115.45366
2025-11-17 22:00:00,91959.72,92399.48,91220.0,92215.14,2936.88883
2025-11-18 00:00:00,92215.14,92357.51,91200.0,91714.29,3494.46636
2025-11-18 02:00:00,91714.29,91750.0,89700.0,90842.72,7152.76925
2025-11-18 04:00:00,90842.72,90851.66,89253.78,90221.33,4925.66009
2025-11-18 06:00:00,90221.33,90555.88,89337.39,90512.1,4102.40726
2025-11-18 08:00:00,90512.1,91487.58,90509.79,91400.01,3667.75553
2025-11-18 10:00:00,91400.01,91617.17,91247.56,91517.82,2109.70855
2025-11-18 12:00:00,91517.83,91878.11,90905.7,91476.56,1943.50818
2025-11-18 14:00:00,91476.56,93049.91,91010.0,92910.1,5154.00745
2025-11-18 16:00:00,92910.1,93836.01,92579.23,93256.92,3723.10664
2025-11-18 18:00:00,93256.92,93766.0,92994.88,93195.61,1194.26257
2025-11-18 20:00:00,93195.61,93298.0,92462.72,92491.59,1081.2179
2025-11-18 22:00:00,92491.6,93423.74,92491.59,92960.83,1286.27791
2025-11-19 00:00:00,92960.83,92980.22,91929.86,92439.99,1731.56348
2025-11-19 02:00:00,92440.0,92865.24,91660.49,91874.52,1333.59028
2025-11-19 04:00:00,91874.51,91976.12,90025.06,90459.99,2935.86964
2025-11-19 06:00:00,90459.99,92028.92,90282.83,91863.64,2699.36988
2025-11-19 08:00:00,91863.64,91950.0,91072.41,91513.72,1544.0527
2025-11-19 10:00:00,91513.72,91782.04,91225.98,91410.22,996.80969
2025-11-19 12:00:00,91410.23,91900.0,91220.0,91405.02,1332.38515
2025-11-19 14:00:00,91405.02,92384.61,89880.0,89951.7,4681.70682
2025-11-19 16:00:00,89951.7,90232.56,88889.0,89500.01,5066.61679
2025-11-19 18:00:00,89500.0,89744.51,88630.71,88884.56,3720.57806
2025-11-19 20:00:00,88884.56,90850.0,88608.0,90600.68,4312.07647
2025-11-19 22:00:00,90600.67,91594.0,90101.14,91554.96,1932.01864
2025-11-20 00:00:00,91554.96,92716.44,91185.26,92590.13,2104.62224
2025-11-20 02:00:00,92590.13,92798.14,92322.04,92440.32,1824.4375
2025-11-20 04:00:00,92440.33,93160.0,92124.0,92616.2,1809.31725
2025-11-20 06:00:00,92616.21,92851.06,91687.07,92320.18,1982.57275
2025-11-20 08:00:00,92320.18,92400.94,91440.55,91950.0,1809.044
2025-11-20 10:00:00,91950.01,92062.83,91485.4,91934.0,1391.79336
2025-11-20 12:00:00,91934.01,92541.92,91451.99,91529.36,1978.29633
2025-11-20 14:00:00,91529.36,91682.6,89835.34,89869.88,4184.55791
2025-11-20 16:00:00,89869.88,89911.73,86395.47,87233.81,11766.85334
2025-11-20 18:00:00,87233.8,87769.23,86100.0,86921.28,5828.82954
2025-11-20 20:00:00,86921.27,87674.23,86325.23,87282.6,2690.83473
2025-11-20 22:00:00,87282.44,88250.0,86560.0,86637.23,2362.03178
2025-11-21 00:00:00,86637.22,87498.94,86592.0,87049.86,1686.87827
2025-11-21 02:00:00,87049.86,87067.52,85360.0,85821.34,4741.64086
2025-11-21 04:00:00,85821.35,86459.53,85404.05,86195.08,2271.46213
2025-11-21 06:00:00,86195.09,86255.02,82000.0,84049.39,11934.02892
2025-11-21 08:00:00,84049.38,84709.89,82104.01,82207.84,8579.68837
2025-11-21 10:00:00,82207.83,83340.72,81648.0,82309.66,7605.23822
2025-11-21 12:00:00,82309.67,84427.79,80600.0,84115.28,13247.27423
2025-11-21 14:00:00,84115.29,85496.0,82729.54,82932.47,9794.07941
2025-11-21 16:00:00,82932.46,85572.82,82333.0,84877.07,4961.86032
2025-11-21 18:00:00,84877.06,85083.31,83304.87,84209.3,3145.6825
2025-11-21 20:00:00,84209.3,85416.66,83464.96,85182.14,2401.66823
2025-11-21 22:00:00,85182.14,85404.24,84121.38,85129.43,1886.62533
2025-11-22 00:00:00,85129.42,85620.0,84571.13,85174.28,1691.10056
2025-11-22 02:00:00,85174.28,85205.87,84212.39,84440.47,1232.11501
2025-11-22 04:00:00,84440.48,84548.3,83832.91,84280.92,1366.98541
2025-11-22 06:00:00,84280.92,84799.54,84080.0,84580.06,851.33303
2025-11-22 08:00:00,84580.06,84586.62,83666.0,83929.52,1981.45327
2025-11-22 10:00:00,83929.53,84343.91,83500.0,84098.94,1361.00502
2025-11-22 12:00:00,84098.94,84160.8,83620.16,83947.89,1083.13498
2025-11-22 14:00:00,83947.89,84755.83,83935.12,84284.01,1585.30946
2025-11-22 16:00:00,84284.01,84899.0,84219.62,84554.2,883.398
2025-11-22 18:00:00,84554.2,84790.79,84480.66,84609.76,467.68351
2025-11-22 20:00:00,84609.77,84808.22,84237.7,84411.3,543.90089
2025-11-22 22:00:00,84411.31,85260.0,84269.04,84739.74,1146.51349
2025-11-23 00:00:00,84739.75,86184.6,84667.57,85879.83,2036.56187
2025-11-23 02:00:00,85879.83,86349.84,85689.36,86308.54,1967.58944
2025-11-23 04:00:00,86308.54,86860.0,86004.85,86358.28,1638.04919
2025-11-23 06:00:00,86358.27,86500.0,85420.0,85782.19,1274.96438
2025-11-23 08:00:00,85782.18,86465.24,85768.22,86393.02,981.72996
2025-11-23 10:00:00,86393.03,86452.0,85814.92,86331.28,1105.67361
2025-11-23 12:00:00,86331.28,86934.0,86271.1,86928.31,1563.82162
2025-11-23 14:00:00,86928.3,87244.51,86451.9,87087.44,1907.54514
2025-11-23 16:00:00,87087.44,87500.0,86502.47,86746.51,2201.70699
2025-11-23 18:00:00,86746.52,87689.47,86724.78,87325.01,1510.25041
2025-11-23 20:00:00,87325.01,88000.0,87150.0,87992.02,1374.6977
2025-11-23 22:00:00,87992.03,88127.64,86701.54,86830.0,2171.87387
2025-11-24 00:00:00,86830.0,87211.33,85946.65,87068.51,2350.59597
2025-11-24 02:00:00,87068.51,88059.44,87025.01,87460.02,1967.56497
2025-11-24 04:00:00,87460.03,87837.57,86450.0,87468.29,1632.21026
2025-11-24 06:00:00,87468.28,87518.06,86700.0,87050.39,1644.12934
2025-11-24 08:00:00,87050.39,87050.39,85825.84,85944.91,1787.25257
2025-11-24 10:00:00,85944.91,86433.93,85696.56,86264.72,1697.25682
2025-11-24 12:00:00,86264.71,86573.99,85888.0,86160.0,1551.24742
2025-11-24 14:00:00,86159.84,86741.5,85272.0,86616.44,3084.2622
2025-11-24 16:00:00,86616.44,88550.68,86616.43,88369.91,3312.16183
2025-11-24 18:00:00,88369.91,88834.62,88115.16,88327.29,2691.75064
2025-11-24 20:00:00,88327.29,89228.0,88327.29,88766.15,1951.19391
2025-11-24 22:00:00,88766.15,89091.96,88252.5,88300.01,993.50202
2025-11-25 00:00:00,88300.01,88300.01,87719.67,87732.83,1375.01499
2025-11-25 02:00:00,87732.84,88048.78,87457.53,87822.12,1131.3835
2025-11-25 04:00:00,87822.12,88519.99,87790.17,88120.82,945.27817
2025-11-25 06:00:00,88120.83,88149.01,87300.0,87384.81,2087.32668
2025-11-25 08:00:00,87384.81,87606.57,86666.0,87231.76,2395.47347
2025-11-25 10:00:00,87231.76,87535.98,86950.01,87361.71,1006.63814
2025-11-25 12:00:00,87361.71,87792.2,86870.5,87083.01,1673.384
2025-11-25 14:00:00,87083.0,87300.0,86116.0,86988.94,3224.2445
2025-11-25 16:00:00,86988.93,88155.65,86712.35,87625.89,1597.749
2025-11-25 18:00:00,87625.9,87830.0,86182.49,86882.85,1630.60308
2025-11-25 20:00:00,86882.84,87463.0,86706.28,87032.37,1378.32553
2025-11-25 22:00:00,87032.36,87889.38,86565.48,87369.96,1121.62004
2025-11-26 00:00:00,87369.97,88224.0,87338.05,87921.94,1118.26544
2025-11-26 02:00:00,87921.94,88087.97,87069.97,87119.92,1117.00776
2025-11-26 04:00:00,87119.93,87741.5,86909.99,87519.53,914.53602
2025-11-26 06:00:00,87519.54,87970.0,87409.78,87935.05,914.11567
2025-11-26 08:00:00,87935.05,87941.58,86746.6,86825.27,1364.44061
2025-11-26 10:00:00,86825.27,87095.83,86670.36,87095.79,835.09074
2025-11-26 12:00:00,87095.78,87175.99,86306.77,87128.51,1593.03838
2025-11-26 14:00:00,87128.51,87693.21,86664.23,86978.0,2605.22391
2025-11-26 16:00:00,86977.99,89962.9,86956.61,89830.79,3718.76527
2025-11-26 18:00:00,89830.8,90418.39,89676.0,89957.36,3791.66891
2025-11-26 20:00:00,89957.37,90491.28,89508.85,90195.99,2448.73567
2025-11-26 22:00:00,90195.98,90656.08,90127.88,90484.02,1254.93401
2025-11-27 00:00:00,90484.01,91236.0,90089.91,91145.78,1986.90347
2025-11-27 02:00:00,91145.78,91950.0,90879.76,91091.68,3756.91384
2025-11-27 04:00:00,91091.68,91554.49,90889.11,90967.54,1233.73366
2025-11-27 06:00:00,90967.53,91496.63,90967.53,91408.34,1210.04983
2025-11-27 08:00:00,91408.34,91940.18,91221.17,91561.67,1501.68332
2025-11-27 10:00:00,91561.67,91747.29,91307.69,91371.88,852.30809
2025-11-27 12:00:00,91371.87,91457.36,90438.43,90852.78,1985.45499
2025-11-27 14:00:00,90852.79,90988.0,90579.77,90958.3,936.05502
2025-11-27 16:00:00,90958.29,91635.79,90850.77,91479.3,1482.75579
2025-11-27 18:00:00,91479.3,91843.59,91347.21,91528.21,796.85967
2025-11-27 20:00:00,91528.22,91600.0,91217.17,91416.99,531.36052
2025-11-27 22:00:00,91416.99,91590.0,91114.52,91333.95,559.43112
2025-11-28 00:00:00,91333.94,91417.99,90800.3,90804.56,901.41768
2025-11-28 02:00:00,90804.56,91306.63,90652.55,91208.85,1028.63625
2025-11-28 04:00:00,91208.85,91707.79,91130.0,91612.09,731.31528
2025-11-28 06:00:00,91612.09,91612.09,90867.43,90910.87,1142.60849
2025-11-28 08:00:00,90910.87,91850.0,90907.98,91599.99,1478.23969
2025-11-28 10:00:00,91600.0,92030.0,91065.13,91437.64,1697.08028
2025-11-28 12:00:00,91437.64,92635.0,91380.94,92377.01,1591.67106
2025-11-28 14:00:00,92377.0,93092.0,91818.35,92362.49,3454.94194
2025-11-28 16:00:00,92362.5,92376.0,90180.63,90663.98,4755.46041
2025-11-28 18:00:00,90661.57,91202.55,90421.88,91157.44,1023.73622
2025-11-28 20:00:00,91157.44,91247.16,90867.89,90888.01,534.3156
2025-11-28 22:00:00,90888.01,91195.68,90705.57,90890.7,491.43722
2025-11-29 00:00:00,90890.71,91119.99,90768.13,90881.2,376.74532
2025-11-29 02:00:00,90881.2,90926.9,90546.36,90680.26,564.07285
2025-11-29 04:00:00,90680.26,90931.56,90551.12,90747.16,395.85694
2025-11-29 06:00:00,90747.16,90832.57,90311.92,90567.67,833.69259
2025-11-29 08:00:00,90567.66,90738.17,90477.44,90560.08,464.76156
2025-11-29 10:00:00,90560.08,90682.33,90376.37,90673.19,492.68649
2025-11-29 12:00:00,90673.2,90810.45,90530.93,90783.17,496.92109
2025-11-29 14:00:00,90783.16,91110.36,90610.41,91063.5,651.10589
2025-11-29 16:00:00,91063.5,91165.65,90421.21,90421.21,1056.38903
2025-11-29 18:00:00,90421.21,90850.83,90155.47,90640.78,1136.12984
2025-11-29 20:00:00,90640.77,91051.87,90400.21,91008.68,515.82722
2025-11-29 22:00:00,91008.68,91008.69,90690.23,90802.44,445.69409
2025-11-30 00:00:00,90802.44,91055.5,90765.12,90913.31,374.64014
2025-11-30 02:00:00,90913.3,91032.18,90471.0,90909.35,740.53048
2025-11-30 04:00:00,90909.35,90970.36,90670.4,90783.75,245.3219
2025-11-30 06:00:00,90783.76,91037.72,90717.51,90968.16,304.59591
2025-11-30 08:00:00,90968.16,91632.0,90927.16,91413.07,1856.72287
2025-11-30 10:00:00,91413.07,91467.36,90998.34,91048.78,658.96917
2025-11-30 12:00:00,91048.79,92000.01,91009.0,91769.99,1659.43375
2025-11-30 14:00:00,91770.0,91779.94,91256.88,91435.31,969.71611
2025-11-30 16:00:00,91435.31,91850.0,91313.26,91488.19,650.72426
2025-11-30 18:00:00,91488.2,91500.0,91159.42,91460.79,398.2922
2025-11-30 20:00:00,91460.79,91626.75,90888.48,91174.22,757.69546
2025-11-30 22:00:00,91174.23,91351.61,90336.9,90360.0,1071.0995
2025-12-01 00:00:00,90360.01,90417.0,86941.4,87168.91,6195.49622
2025-12-01 02:00:00,87168.9,87500.0,86161.61,86346.13,4054.16344
2025-12-01 04:00:00,86346.13,86350.01,85604.0,86001.08,2612.3761
2025-12-01 06:00:00,86001.08,86578.06,85974.66,86550.3,2324.79097
2025-12-01 08:00:00,86550.3,86938.01,86390.25,86704.86,1814.99436
2025-12-01 10:00:00,86704.85,86814.0,86131.01,86149.15,1190.77351
2025-12-01 12:00:00,86146.59,86231.52,84756.0,85986.85,3195.64323
2025-12-01 14:00:00,85986.85,86674.0,83822.76,84677.87,4928.72918
2025-12-01 16:00:00,84677.87,85463.12,84030.95,84920.3,3069.80588
2025-12-01 18:00:00,84925.01,85555.0,84603.97,85024.5,1528.29707
2025-12-01 20:00:00,85024.5,86507.3,85007.69,86436.65,2209.46054
2025-12-01 22:00:00,86436.64,86860.0,86249.8,86286.01,1384.48177
2025-12-02 00:00:00,86286.01,87350.0,86184.39,86454.93,2079.99533
2025-12-02 02:00:00,86454.93,87106.62,86214.99,86976.99,1165.82071
2025-12-02 04:00:00,86977.0,87288.48,86818.14,87008.2,1009.58806
2025-12-02 06:00:00,87008.2,87179.22,86870.0,87012.65,723.64728
2025-12-02 08:00:00,87012.64,87058.41,86296.21,86769.87,1852.92069
2025-12-02 10:00:00,86769.88,87628.78,86760.01,87368.92,1508.11498
2025-12-02 12:00:00,87368.92,87883.43,87032.75,87731.41,2398.85687
2025-12-02 14:00:00,87731.41,91200.0,87600.0,90850.01,6901.64332
2025-12-02 16:00:00,90850.01,91990.0,90201.0,91458.4,3608.863
2025-12-02 18:00:00,91458.4,92307.65,91326.22,91903.39,2543.81706
2025-12-02 20:00:00,91903.38,91930.09,90720.87,91562.43,2563.6134
2025-12-02 22:00:00,91562.42,92000.0,91269.38,91277.88,1853.34662
2025-12-03 00:00:00,91277.88,92482.02,90990.23,92251.63,2387.73815
2025-12-03 02:00:00,92251.64,93087.09,92158.0,92628.91,2037.33819
2025-12-03 04:00:00,92628.91,93660.0,92625.0,93642.92,2271.51086
2025-12-03 06:00:00,93642.92,93958.58,92871.03,92999.99,2274.94853
2025-12-03 08:00:00,93000.0,93217.52,92682.1,93178.46,1559.32902
2025-12-03 10:00:00,93178.45,93389.62,92666.0,93005.68,1210.77357
2025-12-03 12:00:00,93005.68,93258.53,92672.55,93130.88,1262.5995
2025-12-03 14:00:00,93130.89,93700.0,91697.0,92373.3,5260.64022
2025-12-03 16:00:00,92373.3,93040.0,91786.99,92956.22,1998.0384
2025-12-03 18:00:00,92956.22,93500.0,92383.05,93024.99,1626.64645
2025-12-03 20:00:00,93025.0,93769.23,92825.56,93700.0,1955.3908
2025-12-03 22:00:00,93700.01,94150.0,93301.87,93429.95,1867.57216
2025-12-04 00:00:00,93429.95,93750.73,92669.82,93195.07,2399.99553
2025-12-04 02:00:00,93195.07,94080.0,93117.8,93543.04,1444.70467
2025-12-04 04:00:00,93543.03,93588.48,92775.0,92979.25,1320.17866
2025-12-04 06:00:00,92979.25,93413.39,92824.32,93397.67,1750.3292
2025-12-04 08:00:00,93397.67,93621.31,93044.41,93454.7,814.76761
2025-12-04 10:00:00,93454.71,93553.69,92736.9,92948.31,1102.25614
2025-12-04 12:00:00,92948.32,93200.0,92424.0,92516.38,1472.25691
2025-12-04 14:00:00,92516.38,93257.0,91801.0,92971.49,2823.90098
2025-12-04 16:00:00,92971.49,93174.55,91756.57,92426.76,2278.33516
2025-12-04 18:00:00,92426.77,92550.86,90889.0,91975.44,2582.37604
2025-12-04 20:00:00,91975.43,92718.53,91688.92,92158.23,1394.49071
2025-12-04 22:00:00,92158.24,92497.25,92076.66,92078.06,420.34898
2025-12-05 00:00:00,92078.06,92600.0,92058.82,92358.03,813.0641
2025-12-05 02:00:00,92358.03,92692.36,91959.92,92142.75,938.22777
2025-12-05 04:00:00,92142.75,92386.31,91813.37,91932.85,747.28841
2025-12-05 06:00:00,91932.85,92497.51,91905.83,92258.65,639.90315
2025-12-05 08:00:00,92258.64,92258.65,90956.25,91128.56,1524.47691
2025-12-05 10:00:00,91128.55,91563.7,91083.87,91351.43,907.22125
2025-12-05 12:00:00,91351.44,91432.69,90215.51,90465.14,1881.90675
2025-12-05 14:00:00,90465.14,91478.67,89874.7,90459.35,3462.25578
2025-12-05 16:00:00,90459.34,90498.59,88056.0,89336.13,4608.85574
2025-12-05 18:00:00,89335.53,89800.0,88814.88,89629.26,1898.6822
2025-12-05 20:00:00,89629.27,89745.37,89075.91,89177.68,1719.86613
2025-12-05 22:00:00,89177.68,89383.46,88901.6,89330.04,651.22399
2025-12-06 00:00:00,89330.04,89500.0,89030.67,89333.83,512.95254
2025-12-06 02:00:00,89333.84,89806.43,89175.0,89688.35,1018.08047
2025-12-06 04:00:00,89688.35,89740.0,89521.12,89604.98,332.42849
2025-12-06 06:00:00,89604.97,89764.19,89459.19,89597.13,437.09501
2025-12-06 08:00:00,89597.14,89669.13,89217.59,89574.12,760.04754
2025-12-06 10:00:00,89574.12,89750.01,89462.0,89631.28,744.65748
2025-12-06 12:00:00,89631.29,89788.56,89566.0,89673.73,508.88785
2025-12-06 14:00:00,89673.73,90289.97,89490.98,89758.77,1543.19281
2025-12-06 16:00:00,89758.77,89981.2,89615.38,89712.85,615.26164
2025-12-06 18:00:00,89712.85,89787.99,89077.6,89405.64,868.3345
2025-12-06 20:00:00,89405.65,89615.34,89311.99,89420.28,353.42185
2025-12-06 22:00:00,89420.29,89523.37,88908.01,89236.79,715.13998
2025-12-07 00:00:00,89236.8,89588.23,89176.52,89300.0,381.04518
2025-12-07 02:00:00,89300.0,89749.59,89300.0,89722.37,331.44199
2025-12-07 04:00:00,89722.37,89799.96,89427.0,89515.01,410.6469
2025-12-07 06:00:00,89515.01,89733.33,89200.0,89379.72,328.41512
2025-12-07 08:00:00,89379.73,89538.7,89050.01,89104.23,402.32943
2025-12-07 10:00:00,89104.23,89388.0,89103.97,89149.18,384.27073
2025-12-07 12:00:00,89149.18,89585.12,88652.0,89053.74,766.01397
2025-12-07 14:00:00,89053.74,89707.54,87719.28,89554.52,3150.90719
2025-12-07 16:00:00,89554.52,91271.77,89115.85,90945.17,2593.80002
2025-12-07 18:00:00,90945.18,91760.0,90945.17,91425.52,1244.51071
2025-12-07 20:00:00,91425.51,91510.4,89871.0,90231.32,994.35627
2025-12-07 22:00:00,90231.31,90471.66,88995.33,90395.31,2033.37434
2025-12-08 00:00:00,90395.32,91700.0,89860.0,90910.7,1460.40631
2025-12-08 02:00:00,90910.7,91436.94,90811.25,91068.29,993.19784
2025-12-08 04:00:00,91068.3,91470.58,91023.06,91334.03,555.56652
2025-12-08 06:00:00,91334.04,91868.76,91241.27,91565.46,1036.9217
2025-12-08 08:00:00,91565.46,92287.15,91486.46,91912.02,1184.10749
2025-12-08 10:00:00,91912.02,92222.0,91808.09,91968.29,768.94716
2025-12-08 12:00:00,91968.29,92122.08,91301.45,91467.82,1377.73095
2025-12-08 14:00:00,91467.83,91777.0,89612.0,89961.37,3845.4235
2025-12-08 16:00:00,89961.36,90499.99,89679.79,90257.98,1687.83143
2025-12-08 18:00:00,90257.98,90527.3,89724.72,90124.48,902.0111
2025-12-08 20:00:00,90124.49,91374.0,90124.49,91316.01,1144.89975
2025-12-08 22:00:00,91316.0,91373.69,90490.76,90634.34,836.59512
2025-12-09 00:00:00,90634.35,90846.26,89966.0,90055.8,826.04014
2025-12-09 02:00:00,90055.8,90442.77,89795.84,90405.01,1529.37174
2025-12-09 04:00:00,90405.02,90500.0,89500.0,89899.35,1139.17339
2025-12-09 06:00:00,89899.35,90528.67,89775.67,90496.8,728.44535
2025-12-09 08:00:00,90496.8,90600.0,90129.21,90131.59,685.62831
2025-12-09 10:00:00,90131.6,90396.01,89912.48,90384.55,876.85611
2025-12-09 12:00:00,90384.54,90850.0,90174.66,90431.03,1045.29732
2025-12-09 14:00:00,90431.02,92876.92,90004.73,92707.51,3872.37664
2025-12-09 16:00:00,92707.5,94588.99,92693.5,93917.99,5863.95612
2025-12-09 18:00:00,93918.0,94225.0,93651.68,93800.83,1440.49612
2025-12-09 20:00:00,93800.83,93857.47,92254.92,92640.0,1976.25048
2025-12-09 22:00:00,92640.01,93045.89,92506.67,92678.8,1256.53842
2025-12-10 00:00:00,92678.81,92786.35,91976.0,92316.36,1128.39188
2025-12-10 02:00:00,92316.35,92570.54,92027.89,92410.62,868.60742
2025-12-10 04:00:00,92410.62,92725.0,92386.83,92556.28,684.59276
2025-12-10 06:00:00,92556.28,92782.92,92396.24,92782.91,679.25712
2025-12-10 08:00:00,92782.91,92972.07,92439.4,92920.01,793.89348
2025-12-10 10:00:00,92920.0,93291.5,91763.69,92120.45,1829.16647
2025-12-10 12:00:00,92120.45,92226.0,91815.35,92093.66,899.9898
2025-12-10 14:00:00,92093.65,92149.06,91563.15,92063.69,1623.15983
2025-12-10 16:00:00,92063.69,92595.11,91899.1,92396.23,1384.01936
2025-12-10 18:00:00,92396.23,93243.59,91684.39,92957.67,4036.46544
2025-12-10 20:00:00,92957.67,94476.0,91878.0,92356.38,4154.97533
2025-12-10 22:00:00,92356.39,92695.31,91942.56,92015.37,916.16194
2025-12-11 00:00:00,92015.38,92080.32,90658.24,90674.74,1735.36158
2025-12-11 02:00:00,90674.75,90674.75,89389.63,89880.01,2345.78532
2025-12-11 04:00:00,89880.0,90480.14,89694.81,90316.72,1348.04251
2025-12-11 06:00:00,90316.72,90450.97,89975.89,90272.75,897.28848
2025-12-11 08:00:00,90272.76,90504.19,89971.11,90234.19,951.66068
2025-12-11 10:00:00,90234.19,90417.3,90172.61,90242.35,552.2982
2025-12-11 12:00:00,90242.36,90377.63,89870.0,90103.53,995.8003
2025-12-11 14:00:00,90103.53,90653.33,89260.63,89872.51,2545.25872
2025-12-11 16:00:00,89872.51,90260.0,89333.0,89983.23,1513.17
2025-12-11 18:00:00,89983.23,91538.26,89891.87,90839.81,2130.82089
2025-12-11 20:00:00,90839.81,93555.0,90797.76,92858.39,3227.24113
2025-12-11 22:00:00,92858.4,93195.84,92068.9,92513.38,1729.85977
2025-12-12 00:00:00,92513.38,92651.93,91448.31,92170.0,1278.34974
2025-12-12 02:00:00,92170.0,92754.0,91927.27,92283.4,886.36355
2025-12-12 04:00:00,92283.4,92500.0,92078.91,92444.42,823.43605
2025-12-12 06:00:00,92444.41,92720.0,92257.8,92425.34,670.76598
2025-12-12 08:00:00,92425.33,92553.33,92044.8,92520.56,987.20991
2025-12-12 10:00:00,92520.56,92650.01,92275.86,92418.19,636.79548
2025-12-12 12:00:00,92418.19,92531.38,92070.55,92302.79,1015.75558
2025-12-12 14:00:00,92302.79,92660.74,89780.0,89935.14,4544.37723
2025-12-12 16:00:00,89935.13,90623.72,89480.0,90083.09,3262.34905
2025-12-12 18:00:00,90083.09,90666.0,90017.05,90198.22,1396.9792
2025-12-12 20:00:00,90198.23,90345.94,89898.61,90193.94,824.80934
2025-12-12 22:00:00,90193.94,90404.13,90184.92,90268.42,352.00058
2025-12-13 00:00:00,90268.43,90444.28,90120.0,90229.91,356.35875
2025-12-13 02:00:00,90229.92,90469.71,90205.52,90345.54,292.40454
2025-12-13 04:00:00,90345.55,90410.5,90268.91,90342.91,223.76
2025-12-13 06:00:00,90342.92,90400.0,90270.65,90329.97,227.77525
2025-12-13 08:00:00,90329.98,90575.28,90318.67,90422.57,490.3303
2025-12-13 10:00:00,90422.57,90634.55,90290.0,90330.36,1035.54289
2025-12-13 12:00:00,90330.36,90470.3,90194.34,90245.87,836.274
2025-12-13 14:00:00,90245.88,90331.74,89932.99,90092.16,1070.71493
2025-12-13 16:00:00,90092.17,90268.13,89981.0,90052.61,419.33233
2025-12-13 18:00:00,90052.61,90224.8,90047.4,90178.16,255.90505
2025-12-13 20:00:00,90178.17,90209.56,89766.39,90175.97,391.52979
2025-12-13 22:00:00,90175.97,90280.76,89997.14,90240.01,295.78005
2025-12-14 00:00:00,90240.0,90472.4,90117.05,90293.29,428.30926
2025-12-14 02:00:00,90293.29,90384.0,90240.01,90258.98,282.63205
2025-12-14 04:00:00,90258.99,90329.24,90050.74,90199.06,286.55102
2025-12-14 06:00:00,90199.06,90279.42,90072.97,90245.6,403.28482
2025-12-14 08:00:00,90245.6,90280.01,90001.1,90020.06,304.05646
2025-12-14 10:00:00,90020.07,90136.22,88687.27,89360.0,1732.07151
2025-12-14 12:00:00,89360.01,89666.0,89088.0,89489.5,820.41081
2025-12-14 14:00:00,89489.51,89556.83,88882.66,89022.91,909.29556
2025-12-14 16:00:00,89022.92,89398.71,88531.34,88810.67,1131.51644
2025-12-14 18:00:00,88810.67,89073.18,88497.02,88644.88,553.69178
2025-12-14 20:00:00,88644.88,88827.71,88345.94,88443.85,894.95885
2025-12-14 22:00:00,88443.85,88609.22,87577.36,88172.17,1670.16148
2025-12-15 00:00:00,88172.16,89338.01,88074.37,89242.32,1393.30307
2025-12-15 02:00:00,89242.33,90052.64,89225.91,89282.6,1306.35758
2025-12-15 04:00:00,89282.6,89786.89,89272.88,89615.24,630.34333
2025-12-15 06:00:00,89615.25,89918.48,89476.98,89753.42,686.59456
2025-12-15 08:00:00,89753.43,89986.68,89655.52,89865.12,560.48009
2025-12-15 10:00:00,89865.13,89981.64,89572.05,89641.28,963.90977
2025-12-15 12:00:00,89641.28,89762.56,89274.44,89432.0,807.62999
2025-12-15 14:00:00,89432.01,89876.42,86621.91,87033.22,5080.39923
2025-12-15 16:00:00,87033.21,87220.0,85599.99,85762.87,3170.6052
2025-12-15 18:00:00,85762.86,86560.4,85146.64,86149.96,2618.62394
2025-12-15 20:00:00,86149.96,86307.36,85530.01,86243.78,1384.51893
2025-12-15 22:00:00,86243.77,86472.7,85827.98,86432.08,1175.92621
2025-12-16 00:00:00,86432.08,86535.22,85651.92,85891.02,1083.40932
2025-12-16 02:00:00,85891.02,86227.99,85386.0,85875.92,1189.44818
2025-12-16 04:00:00,85875.91,86200.0,85266.0,86028.11,967.34281
2025-12-16 06:00:00,86028.12,86615.38,85850.0,86021.51,1465.72487
2025-12-16 08:00:00,86021.51,86426.07,85930.97,86350.0,793.12856
2025-12-16 10:00:00,86350.0,87330.0,86275.06,87261.45,1624.11733
2025-12-16 12:00:00,87261.46,87786.88,86410.01,86443.02,3006.31369
2025-12-16 14:00:00,86443.02,88175.98,86107.43,87977.43,3723.81833
2025-12-16 16:00:00,87977.44,88050.17,87093.79,87131.99,2080.09563
2025-12-16 18:00:00,87132.0,88019.88,87061.23,87585.77,1417.66257
2025-12-16 20:00:00,87585.76,87906.29,87343.75,87768.59,647.58201
2025-12-16 22:00:00,87768.6,87931.48,87602.34,87863.42,457.40687
2025-12-17 00:00:00,87863.43,87950.0,87426.06,87552.3,638.05429
2025-12-17 02:00:00,87552.3,87615.27,87150.01,87213.59,541.59705
2025-12-17 04:00:00,87213.6,87398.54,86209.11,86626.39,1013.08834
2025-12-17 06:00:00,86626.4,87169.37,86587.82,87045.59,1081.72261
2025-12-17 08:00:00,87045.59,87045.59,86262.85,86417.46,790.91605
2025-12-17 10:00:00,86417.45,87137.42,86238.91,86983.26,890.31665
2025-12-17 12:00:00,86983.26,87860.0,86817.27,87631.37,1604.96118
2025-12-17 14:00:00,87631.37,90365.85,87136.97,87233.44,6527.31613
2025-12-17 16:00:00,87233.44,87769.23,86166.66,86427.12,3026.01476
2025-12-17 18:00:00,86427.12,86850.64,85314.0,86018.53,2019.6017
2025-12-17 20:00:00,86018.53,86252.16,85644.09,85982.88,971.52332
2025-12-17 22:00:00,85982.88,86431.14,85888.2,86243.22,729.00521
2025-12-18 00:00:00,86243.23,86313.71,85863.93,86119.21,590.12106
2025-12-18 02:00:00,86119.27,86863.75,86011.2,86618.34,1125.8799
2025-12-18 04:00:00,86618.35,86901.4,86517.96,86560.2,603.82796
